<?xml version="1.0" encoding="UTF-8"?>
<project-private xmlns="http://www.netbeans.org/ns/project-private/1">
    <editor-bookmarks xmlns="http://www.netbeans.org/ns/editor-bookmarks/2" lastBookmarkId="0"/>
    <open-files xmlns="http://www.netbeans.org/ns/projectui-open-files/2">
        <group>
            <file>file:/C:/Users/Mariano/Documents/NetBeansProjects/Rivadeneira.Mariano.RSPP2.ProgII321/src/paquete/Main.java</file>
            <file>file:/C:/Users/Mariano/Documents/NetBeansProjects/Rivadeneira.Mariano.RSPP2.ProgII321/src/model/Inventario.java</file>
            <file>file:/C:/Users/Mariano/Documents/NetBeansProjects/Rivadeneira.Mariano.RSPP2.ProgII321/src/model/Almacenable.java</file>
            <file>file:/C:/Users/Mariano/Documents/NetBeansProjects/Rivadeneira.Mariano.RSPP2.ProgII321/src/model/DispositivoDomotico.java</file>
            <file>file:/C:/Users/Mariano/Documents/NetBeansProjects/Rivadeneira.Mariano.RSPP2.ProgII321/src/model/Categoria.java</file>
        </group>
    </open-files>
</project-private>
